Name,FitNum,RedChiSq,lf,AlignMag,Temp,pA,pB,pC,dwB,dwC,kexAB,kexAC,kexBC,k12,k21,k13,k31,k23,k32,tau1,tau2,tau3,dG12,dG13,ddG12,ddG21,ddG13,ddG31,ddG23,ddG32,R1,R1b,R1c,R2,R2b,R2c,pA_err,pB_err,pC_err,dwB_err,dwC_err,kexAB_err,kexAC_err,kexBC_err,k12_err,k21_err,k13_err,k31_err,k23_err,k32_err,tau1_err,tau2_err,tau3_err,dG12_err,dG13_err,ddG12_err,ddG21_err,ddG13_err,ddG31_err,ddG23_err,ddG32_err,R1_err,R1b_err,R1c_err,R2_err,R2b_err,R2c_err
U38N3_wtTAR_35C,1,0.3351546863395065,60.810645,auto,308.15,0.997553316052,0.002446683947704185,0.0,-4.8054544353406845,0.0,1652.832814762693,0.0,0.0,4.04395951612,1648.78885525,0.0,0.0,0.0,0.0,0.247282396378,0.000606505797767,0.0,3.68061453214,0.0,17.2031472734,13.5225327413,0.0,0.0,0.0,0.0,1.8757516707147246,1.8757516707147246,1.8757516707147246,5.690519551450398,5.690519551450398,5.690519551450398,0.000104356200688,0.00010435620068788757,0.0,0.12983446769849874,0.0,83.63916728199051,0.0,0.0,0.267361633236,83.4347060901,0.0,0.0,0.0,0.0,0.0163487851702,3.06913967896e-05,0.0,0.0509831268301,0.0,0.0404852495284,0.0309874779871,0.0,0.0,0.0,0.0,0.009875591749938286,0.009875591749938286,0.009875591749938286,0.04047338421601524,0.04047338421601524,0.04047338421601524
