Name,FitNum,N,DF,K,ChiSq,RedChiSq,Rsq,AdjRsq,AIC,BIC,RSS,TSS,SDR
U38N3_wtTAR_35C,1,180,175,5,58.65207010941364,0.3351546863395065,0.8773035100679044,0.8737777488629591,-191.49528889127077,-175.87533222302662,58.652070109413685,478.0256561689233,0.5789254583618748
