param1,fitval1,fiterror1,fitval2,fiterror2,fitval3,fiterror3,fitval4,fiterror4,fitval5,fiterror5,fitval6,fiterror6,fitval7,fiterror7,fitval8,fiterror8
,U38,U38,G28,G28,U42,U42,G18,G18,G36,G36,G21,G21,G43,G43,G26,G26
pB,0.00264,0.00019,0.00221,0.00026,0.4,0.08216,0.08157,5.61304,0.00207,0.00051,0.00723,0.00355,0.0001,0.07574,0.00293,0.0036
pC,0.0,0.0,-0.0,0.0,0.0,0.0,0.0,0.0,0.0,0.0,0.0,0.0,-0.0,0.0,0.0,0.0
dwB,-2.81266,0.02534,-0.8566,0.05872,-0.06969,0.00686,0.81029,0.19348,-0.55242,0.08522,-0.21243,0.07459,-2.19035,87.87715,-0.26418,0.27186
dwC,-0.0,0.0,0.0,0.0,0.0,0.0,0.0,0.0,-0.0,0.0,0.0,0.0,0.0,0.0,-0.0,0.0
kexAB,2369.35368,156.06627,2321.21065,333.59202,58.74801,10.69941,1.00044,69.4649,1437.39173,390.33742,1186.57041,608.96949,1.0,368.77337,2038.58266,2989.38905
kexAC,0.0,0.0,-0.0,0.0,-0.0,0.0,0.0,0.0,-0.0,0.0,-0.0,0.0,0.0,0.0,-0.0,0.0
kexBC,-0.0,0.0,-0.0,0.0,0.0,0.0,-0.0,0.0,0.0,0.0,0.0,0.0,0.0,0.0,-0.0,0.0
R1,20.02657,0.01571,6.35553,0.01491,21.99891,0.01413,8.16864,0.01306,9.7297,0.01131,22.40671,0.01544,5.25809,0.00954,20.72957,0.02099
R2,33.993,0.27638,21.14937,0.1991,36.47755,0.19275,22.29133,0.16946,25.17815,0.12718,39.65381,0.34905,18.1228,0.19586,36.81406,0.22126
rchi2,1.258,0.0,237.333,0.0,8.389,0.0,136.065,0.0,32.625,0.0,3.973,0.0,672.485,0.0,2.474,0.0
