,Name,rmsd
0,far_md_1353.pdb,1.7989945866189299
1,far_md_1501.pdb,1.348424515381794
2,far_md_1502.pdb,1.2961509425683955
3,far_md_2172.pdb,1.6174062372950213
4,far_md_2179.pdb,1.6943403643852522
5,far_md_2190.pdb,1.6314754767169197
6,far_md_2473.pdb,1.5460740257723204
7,far_md_2607.pdb,1.7394520760130734
8,far_md_2767.pdb,1.3159619596970467
9,far_md_3007.pdb,2.0214098870008756
