,Name,rmsd
0,far_md_1353.pdb,1.7410401092822145
1,far_md_1501.pdb,1.0780710235086886
2,far_md_1502.pdb,1.1824555427724366
3,far_md_2172.pdb,1.5346584806704966
4,far_md_2179.pdb,1.4646848785879827
5,far_md_2190.pdb,1.33418415662813
6,far_md_2473.pdb,1.350318679949895
7,far_md_2607.pdb,1.4155131600158857
8,far_md_2767.pdb,1.1933048392000087
9,far_md_3007.pdb,1.4537042253701802
