,Name,rmsd
0,far_md_1353.pdb,1.3972018145080818
1,far_md_1501.pdb,0.9466951884437181
2,far_md_1502.pdb,0.9292063249048749
3,far_md_2172.pdb,1.2479906091781212
4,far_md_2179.pdb,1.1472176197734218
5,far_md_2190.pdb,1.1036348590331242
6,far_md_2473.pdb,1.0482393554186182
7,far_md_2607.pdb,1.1270813984865644
8,far_md_2767.pdb,1.093391020017179
9,far_md_3007.pdb,1.070252022283203
