param,fitval,fiterror
pB,0.00311,0.00049
pC,-0.00000,0.00000
dwB,-5.10236,0.05380
dwC,0.00000,0.00000
kexAB,315.84840,25.30228
kexAC,-0.00000,0.00000
kexBC,0.00000,0.00000
R1,2.63475,0.00285
R2,8.27720,0.10625
rchi2,5.342,0.0