param1,fitval1,fiterror1,fitval2,fiterror2,fitval3,fiterror3,fitval4,fiterror4,fitval5,fiterror5,fitval6,fiterror6,fitval7,fiterror7,fitval8,fiterror8
,U38,U38,G28,G28,U42,U42,G18,G18,G36,G36,G21,G21,G43,G43,G26,G26
pB,0.0,0.0,-0.0,0.0,-0.0,0.0,-0.0,0.0,-0.0,0.0,-0.0,0.0,0.0,0.0,-0.0,0.0
pC,-0.0,0.0,0.0,0.0,0.0,0.0,-0.0,0.0,-0.0,0.0,0.0,0.0,-0.0,0.0,-0.0,0.0
dwB,-0.0,0.0,0.0,0.0,-0.0,0.0,-0.0,0.0,-0.0,0.0,0.0,0.0,-0.0,0.0,-0.0,0.0
dwC,0.0,0.0,0.0,0.0,-0.0,0.0,-0.0,0.0,-0.0,0.0,-0.0,0.0,0.0,0.0,0.0,0.0
kexAB,-0.0,0.0,-0.0,0.0,-0.0,0.0,-0.0,0.0,0.0,0.0,-0.0,0.0,0.0,0.0,0.0,0.0
kexAC,0.0,0.0,-0.0,0.0,0.0,0.0,-0.0,0.0,0.0,0.0,-0.0,0.0,-0.0,0.0,0.0,0.0
kexBC,0.0,0.0,-0.0,0.0,-0.0,0.0,-0.0,0.0,-0.0,0.0,0.0,0.0,-0.0,0.0,-0.0,0.0
R1,20.17464,0.03621,6.35674,0.0175,21.96034,0.01988,8.17043,0.01296,9.72718,0.01167,22.4,0.01552,5.25809,0.0093,20.72899,0.02101
R2,42.21808,0.48141,23.0208,0.17534,37.83856,0.25285,22.33594,0.15036,25.5942,0.1011,40.63003,0.25689,18.12262,0.19505,36.95115,0.16604
rchi2,6.956,0.0,336.052,0.0,17.519,0.0,135.696,0.0,35.282,0.0,4.101,0.0,669.159,0.0,2.48,0.0
