param1,fitval1,fiterror1,fitval2,fiterror2,fitval3,fiterror3,fitval4,fiterror4,fitval5,fiterror5,fitval6,fiterror6,fitval7,fiterror7,fitval8,fiterror8
,U38,U38,G28,G28,U42,U42,G18,G18,G36,G36,G21,G21,G43,G43,G26,G26
pB,0.00398,0.00039,0.00276,0.0002,0.00096,0.00012,0.2024,2.64864,0.00242,0.00064,0.4,0.3433,0.0001,0.45213,0.00568,0.00108
pC,0.0,0.0,-0.0,0.0,-0.0,0.0,0.0,0.0,0.0,0.0,0.0,0.0,0.0,0.0,0.0,0.0
dwB,-2.83726,0.0095,-0.74316,0.00991,-0.74405,0.05627,-3.5,0.04746,-0.45011,0.01687,0.01174,0.00669,-0.04363,9.86473,0.33054,0.02234
dwC,-0.0,0.0,-0.0,0.0,-0.0,0.0,0.0,0.0,0.0,0.0,0.0,0.0,0.0,0.0,-0.0,0.0
kexAB,472.8092,45.98247,510.47866,62.2312,1374.80407,292.64207,1.0,13.16922,319.7655,121.09239,48.38666,67.81228,1.01261,225.29576,328.97092,110.49838
kexAC,0.0,0.0,0.0,0.0,-0.0,0.0,0.0,0.0,-0.0,0.0,0.0,0.0,0.0,0.0,0.0,0.0
kexBC,0.0,0.0,-0.0,0.0,0.0,0.0,-0.0,0.0,-0.0,0.0,0.0,0.0,-0.0,0.0,-0.0,0.0
R1,9.24979,0.00706,5.43445,0.00388,12.39323,0.00473,5.5264,0.00946,7.13546,0.0036,11.67493,0.00933,5.17183,0.00888,11.05705,0.00809
R2,27.17663,0.08614,25.46355,0.08681,28.54957,0.2036,24.66861,0.21198,28.84623,0.07525,34.36184,0.10287,23.46397,0.07361,31.4376,0.13991
rchi2,5.163,0.0,19.908,0.0,12.701,0.0,144.876,0.0,21.281,0.0,4.614,0.0,45.865,0.0,3.497,0.0
