param1,fitval1,fiterror1,fitval2,fiterror2,fitval3,fiterror3
,U38,U38,U25,U25,G54,G54
pB,0.0,0.0,-0.0,0.0,-0.0,0.0
pC,-0.0,0.0,0.0,0.0,0.0,0.0
dwB,0.0,0.0,0.0,0.0,0.0,0.0
dwC,-0.0,0.0,-0.0,0.0,0.0,0.0
kexAB,-0.0,0.0,-0.0,0.0,0.0,0.0
kexAC,0.0,0.0,-0.0,0.0,-0.0,0.0
kexBC,0.0,0.0,0.0,0.0,0.0,0.0
R1,19.92792,0.18199,60.0,0.23563,17.30558,0.05805
R2,93.20964,5.79281,88.58317,2.89487,49.30462,1.25132
rchi2,162.008,0.0,9.975,0.0,31.427,0.0
