param1,fitval1,fiterror1,fitval2,fiterror2,fitval3,fiterror3,fitval4,fiterror4,fitval5,fiterror5,fitval6,fiterror6,fitval7,fiterror7,fitval8,fiterror8
,U38,U38,G28,G28,U42,U42,G18,G18,G36,G36,G21,G21,G43,G43,G26,G26
pB,0.00238,0.00042,0.00027,8e-05,0.0208,4.55571,0.00959,0.61653,0.01637,0.47876,0.03342,8.60456,0.17813,6.72496,0.01713,0.03073
pC,-0.0,0.0,0.0,0.0,0.0,0.0,-0.0,0.0,0.0,0.0,0.0,0.0,0.0,0.0,0.0,0.0
dwB,-2.72945,0.16764,-2.13854,0.28726,-0.5576,122.13733,-0.79225,50.9697,-0.53099,15.53132,-0.49158,126.59991,-2.22944,0.1152,3.5,0.96848
dwC,0.0,0.0,-0.0,0.0,-0.0,0.0,-0.0,0.0,0.0,0.0,0.0,0.0,0.0,0.0,-0.0,0.0
kexAB,4417.04951,1044.80359,4799.43283,2368.17884,267180.10017,36731976.72934,212726.48111,5959634.46257,96314.15712,1048280.38692,162504.39245,16767831.41247,1.0,37.92849,78542.44675,55487.16391
kexAC,0.0,0.0,0.0,0.0,-0.0,0.0,0.0,0.0,-0.0,0.0,-0.0,0.0,-0.0,0.0,0.0,0.0
kexBC,-0.0,0.0,-0.0,0.0,-0.0,0.0,0.0,0.0,0.0,0.0,-0.0,0.0,0.0,0.0,0.0,0.0
R1,31.0911,0.0656,7.24977,0.0119,28.12254,0.05402,13.12905,0.01481,12.79743,0.01624,33.63831,0.05728,6.7893,0.01957,24.96716,0.03669
R2,37.97459,1.06958,20.12361,0.20033,40.09273,71.82377,25.33396,18.67365,25.91695,12.73344,46.29749,120.04901,17.09608,0.28259,1.0,41.93231
rchi2,6.203,0.0,299.07,0.0,7.939,0.0,14.725,0.0,33.654,0.0,1.447,0.0,167.679,0.0,2.522,0.0
