param,fitval,fiterror
pB,0.00246,0.00022
pC,0.00000,0.00000
dwB,-5.04436,0.11681
dwC,0.00000,0.00000
kexAB,835.79792,67.37823
kexAC,0.00000,0.00000
kexBC,0.00000,0.00000
R1,2.89495,0.00389
R2,7.74553,0.15180
rchi2,3.894,0.0