Name,FitNum,N,DF,K,ChiSq,RedChiSq,Rsq,AdjRsq,AIC,BIC,RSS,TSS,SDR
U38N3_wtTAR_35C,1,180,175,5,59.38983706772123,0.3393704975298356,0.8757601473868711,0.8721900366795973,-189.2452442270222,-173.62528755877804,59.38983706772126,478.0256561689233,0.5825551454839583
