Name,FitNum,RedChiSq,lf,AlignMag,Temp,pA,pB,pC,dwB,dwC,kexAB,kexAC,kexBC,k12,k21,k13,k31,k23,k32,tau1,tau2,tau3,dG12,dG13,ddG12,ddG21,ddG13,ddG31,ddG23,ddG32,R1,R1b,R1c,R2,R2b,R2c,pA_err,pB_err,pC_err,dwB_err,dwC_err,kexAB_err,kexAC_err,kexBC_err,k12_err,k21_err,k13_err,k31_err,k23_err,k32_err,tau1_err,tau2_err,tau3_err,dG12_err,dG13_err,ddG12_err,ddG21_err,ddG13_err,ddG31_err,ddG23_err,ddG32_err,R1_err,R1b_err,R1c_err,R2_err,R2b_err,R2c_err
U38N3_wtTAR_35C,1,0.3393704975298356,60.810645,auto,308.15,0.997684450597,0.0023155494027538607,0.0,-5.000000000000001,0.0,1673.0195924165253,0.0,0.0,3.87395951802,1669.1456329,0.0,0.0,0.0,0.0,0.258133828025,0.000599108897564,0.0,3.7144276994,0.0,17.2294462674,13.515018568,0.0,0.0,0.0,0.0,1.8714129078582755,1.8714129078582755,1.8714129078582755,5.686801812918224,5.686801812918224,5.686801812918224,9.59757153577e-05,9.597571535767411e-05,0.0,0.13268377416607244,0.0,85.31403765841544,0.0,0.0,0.254340157301,85.1166395437,0.0,0.0,0.0,0.0,0.0169474663117,3.055104065e-05,0.0,0.0509060528618,0.0,0.0402035489096,0.0312266052116,0.0,0.0,0.0,0.0,0.009989048162945387,0.009989048162945387,0.009989048162945387,0.04111881630107608,0.04111881630107608,0.04111881630107608
