param1,fitval1,fiterror1,fitval2,fiterror2,fitval3,fiterror3,fitval4,fiterror4,fitval5,fiterror5,fitval6,fiterror6,fitval7,fiterror7,fitval8,fiterror8
,U38,U38,G28,G28,U42,U42,G18,G18,G36,G36,G21,G21,G43,G43,G26,G26
pB,0.00359,0.00042,0.00215,0.00021,0.00168,0.00101,0.10268,3.6558,0.04812,3.68293,0.19576,4.46878,0.0001,0.07102,0.00179,0.00058
pC,-0.0,0.0,0.0,0.0,0.0,0.0,0.0,0.0,-0.0,0.0,0.0,0.0,-0.0,0.0,0.0,0.0
dwB,-2.80883,0.0142,-0.82632,0.03834,-0.85695,0.06364,-1.58225,0.09756,-1.19383,0.12355,-1.18448,0.05545,-2.12624,202.0647,0.48733,0.08974
dwC,-0.0,0.0,-0.0,0.0,0.0,0.0,0.0,0.0,0.0,0.0,0.0,0.0,0.0,0.0,0.0,0.0
kexAB,1006.48744,79.42719,1220.97931,214.75309,309.99676,277.13698,1.0,35.95777,1.00002,77.14984,1.0,23.12455,1.00001,300.35753,729.9169,392.52679
kexAC,-0.0,0.0,0.0,0.0,-0.0,0.0,0.0,0.0,0.0,0.0,0.0,0.0,-0.0,0.0,-0.0,0.0
kexBC,-0.0,0.0,0.0,0.0,0.0,0.0,-0.0,0.0,-0.0,0.0,0.0,0.0,-0.0,0.0,0.0,0.0
R1,13.06956,0.01456,5.60402,0.01153,16.29906,0.01432,6.14423,0.01468,7.96131,0.01133,15.20977,0.01428,4.86726,0.01579,14.96972,0.01166
R2,28.30156,0.16108,22.70755,0.14843,31.92024,0.17151,22.56618,0.14529,26.17585,0.17654,33.76097,0.13141,20.50286,0.19047,32.5679,0.23558
rchi2,13.858,0.0,61.924,0.0,11.732,0.0,75.738,0.0,14.681,0.0,18.737,0.0,248.637,0.0,3.467,0.0
