Name,FitNum,RedChiSq,lf,AlignMag,Temp,pA,pB,pC,dwB,dwC,kexAB,kexAC,kexBC,k12,k21,k13,k31,k23,k32,tau1,tau2,tau3,dG12,dG13,ddG12,ddG21,ddG13,ddG31,ddG23,ddG32,R1,R1b,R1c,R2,R2b,R2c,pA_err,pB_err,pC_err,dwB_err,dwC_err,kexAB_err,kexAC_err,kexBC_err,k12_err,k21_err,k13_err,k31_err,k23_err,k32_err,tau1_err,tau2_err,tau3_err,dG12_err,dG13_err,ddG12_err,ddG21_err,ddG13_err,ddG31_err,ddG23_err,ddG32_err,R1_err,R1b_err,R1c_err,R2_err,R2b_err,R2c_err
U38N3_wtTAR_35C,1,0.3361577713873158,60.810645,auto,308.15,0.997618846657,0.0023811533431297924,0.0,-4.900000000002629,0.0,1662.003905490251,0.0,0.0,3.95748615585,1658.04641933,0.0,0.0,0.0,0.0,0.252685659689,0.000603119423159,0.0,3.69727941662,0.0,17.2163835342,13.5191041175,0.0,0.0,0.0,0.0,1.873620400261271,1.873620400261271,1.873620400261271,5.688848469663021,5.688848469663021,5.688848469663021,9.99455393257e-05,9.994553932573044e-05,0.0,0.13097491907255063,0.0,84.28615649317824,0.0,0.0,0.260271383407,84.0856215243,0.0,0.0,0.0,0.0,0.0166183389213,3.05864003313e-05,0.0,0.0508556855007,0.0,0.0402727744905,0.0310548608528,0.0,0.0,0.0,0.0,0.009915136099699984,0.009915136099699984,0.009915136099699984,0.040713110155340924,0.040713110155340924,0.040713110155340924
