Name,FitNum,N,DF,K,ChiSq,RedChiSq,Rsq,AdjRsq,AIC,BIC,RSS,TSS,SDR
U38N3_wtTAR_35C,1,180,175,5,58.82760999278026,0.3361577713873158,0.8769362915282691,0.8733999780664378,-190.95737114253384,-175.3374144742897,58.82760999278023,478.0256561689233,0.5797911446265074
