param1,fitval1,fiterror1,fitval2,fiterror2,fitval3,fiterror3,fitval4,fiterror4,fitval5,fiterror5,fitval6,fiterror6,fitval7,fiterror7,fitval8,fiterror8
,U38,U38,G28,G28,U42,U42,G18,G18,G36,G36,G21,G21,G43,G43,G26,G26
pB,0.0,0.0,-0.0,0.0,-0.0,0.0,-0.0,0.0,-0.0,0.0,-0.0,0.0,0.0,0.0,-0.0,0.0
pC,-0.0,0.0,-0.0,0.0,-0.0,0.0,0.0,0.0,-0.0,0.0,0.0,0.0,-0.0,0.0,0.0,0.0
dwB,0.0,0.0,0.0,0.0,-0.0,0.0,0.0,0.0,-0.0,0.0,0.0,0.0,0.0,0.0,-0.0,0.0
dwC,-0.0,0.0,-0.0,0.0,0.0,0.0,-0.0,0.0,0.0,0.0,0.0,0.0,-0.0,0.0,0.0,0.0
kexAB,-0.0,0.0,0.0,0.0,-0.0,0.0,0.0,0.0,0.0,0.0,-0.0,0.0,0.0,0.0,0.0,0.0
kexAC,0.0,0.0,0.0,0.0,0.0,0.0,-0.0,0.0,-0.0,0.0,0.0,0.0,-0.0,0.0,0.0,0.0
kexBC,-0.0,0.0,-0.0,0.0,-0.0,0.0,0.0,0.0,0.0,0.0,-0.0,0.0,-0.0,0.0,0.0,0.0
R1,9.39564,0.02499,5.4498,0.00686,12.3928,0.00497,5.56197,0.00937,7.13606,0.00429,11.67497,0.00938,5.17184,0.00888,11.05723,0.00861
R2,30.72406,0.27639,26.62804,0.1339,29.84365,0.11848,24.65024,0.10698,29.31748,0.07933,34.37727,0.1031,23.46382,0.07363,31.81323,0.13665
rchi2,70.623,0.0,63.48,0.0,15.402,0.0,167.67,0.0,30.505,0.0,4.642,0.0,45.638,0.0,4.011,0.0
