param1,fitval1,fiterror1,fitval2,fiterror2,fitval3,fiterror3
,U38,U38,U25,U25,G54,G54
pB,0.0,0.0,-0.0,0.0,0.0,0.0
pC,-0.0,0.0,-0.0,0.0,-0.0,0.0
dwB,0.0,0.0,0.0,0.0,0.0,0.0
dwC,0.0,0.0,0.0,0.0,0.0,0.0
kexAB,-0.0,0.0,0.0,0.0,0.0,0.0
kexAC,0.0,0.0,-0.0,0.0,0.0,0.0
kexBC,0.0,0.0,0.0,0.0,0.0,0.0
R1,11.81136,0.04127,31.58025,0.04967,10.9958,0.03307
R2,57.99427,2.28226,59.3851,1.34212,37.14573,0.33855
rchi2,360.914,0.0,3.881,0.0,37.866,0.0
