Name,FitNum,RedChiSq,lf,AlignMag,Temp,pA,pB,pC,dwB,dwC,kexAB,kexAC,kexBC,k12,k21,k13,k31,k23,k32,tau1,tau2,tau3,dG12,dG13,ddG12,ddG21,ddG13,ddG31,ddG23,ddG32,R1,R1b,R1c,R2,R2b,R2c,pA_err,pB_err,pC_err,dwB_err,dwC_err,kexAB_err,kexAC_err,kexBC_err,k12_err,k21_err,k13_err,k31_err,k23_err,k32_err,tau1_err,tau2_err,tau3_err,dG12_err,dG13_err,ddG12_err,ddG21_err,ddG13_err,ddG31_err,ddG23_err,ddG32_err,R1_err,R1b_err,R1c_err,R2_err,R2b_err,R2c_err
U38N3_wtTAR_35C,1,0.33749072361497734,60.810645,auto,308.15,0.997652105769,0.002347894230874303,0.0,-4.950000000000003,0.0,1667.341752477581,0.0,0.0,3.91474208154,1663.4270104,0.0,0.0,0.0,0.0,0.255444670216,0.000601168547673,0.0,3.70591331154,0.0,17.2230334636,13.5171201521,0.0,0.0,0.0,0.0,1.8725103083360126,1.8725103083360126,1.8725103083360126,5.687861269841473,5.687861269841473,5.687861269841473,9.78783814845e-05,9.78783814844862e-05,0.0,0.1317648971497825,0.0,84.7547283606667,0.0,0.0,0.257113713393,84.5558899738,0.0,0.0,0.0,0.0,0.0167771787662,3.05588049581e-05,0.0,0.0508572159791,0.0,0.0402185695935,0.0311275292465,0.0,0.0,0.0,0.0,0.009948031225440563,0.009948031225440563,0.009948031225440563,0.04089744778798837,0.04089744778798837,0.04089744778798837
