Name,FitNum,N,DF,K,ChiSq,RedChiSq,Rsq,AdjRsq,AIC,BIC,RSS,TSS,SDR
U38N3_wtTAR_35C,1,180,175,5,59.06087663262104,0.33749072361497734,0.8764483121973892,0.8728979763409923,-190.24503610165576,-174.6250794334116,59.06087663262102,478.0256561689233,0.5809395180352058
